Job Title,Location,Salary,Link
"Part Time Home Based Data Entry Jobs, Home Based Typing Work",Chennai,₨0,https://bangalore.craigslist.org/ofc/d/part-time-home-based-data-entry-jobs/7811236576.html
Part Time Remote Job,Remote,₨0,https://bangalore.craigslist.org/sof/d/part-time-remote-job/7810024007.html
Part Time Home Based Typing Jobs In Chandigarh For Freshers And Studen,Chennai,₨0,https://bangalore.craigslist.org/ofc/d/part-time-home-based-typing-jobs-in/7808874543.html
parttime job,salem,₨0,https://bangalore.craigslist.org/sof/d/parttime-job/7808070374.html
E -book publishing part time job with weekly income,salem,₨0,https://bangalore.craigslist.org/sof/d/book-publishing-part-time-job-with/7808069642.html
data entry,salem,₨0,https://bangalore.craigslist.org/sad/d/data-entry/7808070156.html
PHP Developer,Bangalore,₨0,https://bangalore.craigslist.org/sof/d/php-developer/7807189443.html
Anime/Gaming/Movie/TV Show News Writer,Online,₨0,https://bangalore.craigslist.org/wri/d/anime-gaming-movie-tv-show-news-writer/7807111065.html
Part Time Home Based Typing Jobs In Chandigarh For Freshers And Studen,Chandigarh,₨0,https://bangalore.craigslist.org/wri/d/part-time-home-based-typing-jobs-in/7803451486.html
Simple Data Typing Work in in Chandigarh,Chennai,₨0,https://bangalore.craigslist.org/wri/d/simple-data-typing-work-in-in-chandigarh/7803118743.html
Sattva Forest Ridge Pre-Launch Investment Opportunity in Bangalore,Bangalore,₨0,https://bangalore.craigslist.org/csr/d/sattva-forest-ridge-pre-launch/7802269910.html
Technical Literature Researcher,"Bangalore, India",₨0,https://bangalore.craigslist.org/sci/d/technical-literature-researcher/7802154750.html
Leading Leadership Hiring Companies in India - WalkWater Talent Adviso,Bangalore,₨0,https://bangalore.craigslist.org/hum/d/leading-leadership-hiring-companies-in/7799705871.html
